-- SQL dump for grades database
USE grades;

-- Disable foreign keys so we can clear tables in any order
SET FOREIGN_KEY_CHECKS = 0;

-- Clear existing data to ensure IDs start fresh
TRUNCATE TABLE Graded;
TRUNCATE TABLE Enrolled;
TRUNCATE TABLE Assignment;
TRUNCATE TABLE Category;
TRUNCATE TABLE Student;
TRUNCATE TABLE Class;

-- Re-enable foreign keys
SET FOREIGN_KEY_CHECKS = 1;

-- 10 total classes created, 5 different courses with 2 terms each
INSERT INTO Class (CourseNumber, Term, SectionNumber, Description) VALUES
('CS410', 'FA23', 1, 'Databases'),
('CS410', 'SP24', 1, 'Databases'),
('CS101', 'FA23', 1, 'Intro to Computer Science'),
('CS101', 'SP24', 1, 'Intro to Computer Science'),
('MATH101', 'FA23', 1, 'Calculus I'),
('MATH101', 'FA24', 1, 'Calculus I'),
('ENG101', 'SP23', 1, 'English Literature'),
('ENG101', 'SP24', 1, 'English Literature'),
('HIST101', 'FA23', 1, 'World History'),
('HIST101', 'SP24', 1, 'World History');

-- 2 categories per class, Homework and Exams, with weights of 0.4 and 0.6 respectively
INSERT INTO Category (Name, Weight, ClassID) VALUES
('Homework', 0.4, 1),
('Exams', 0.6, 1),
('Homework', 0.4, 2),
('Exams', 0.6, 2),
('Homework', 0.4, 3),
('Exams', 0.6, 3),
('Homework', 0.4, 4),
('Exams', 0.6, 4),
('Homework', 0.4, 5),
('Exams', 0.6, 5),
('Homework', 0.4, 6),
('Exams', 0.6, 6),
('Homework', 0.4, 7),
('Exams', 0.6, 7),
('Homework', 0.4, 8),
('Exams', 0.6, 8),
('Homework', 0.4, 9),
('Exams', 0.6, 9),
('Homework', 0.4, 10),
('Exams', 0.6, 10);

-- 4 assignments per class, 2 homework and 2 exams, each worth 100 points
INSERT INTO Assignment (Name, Description, PointValue, CategoryID) VALUES
('HW1', 'Homework 1 Description', 100, 1),
('HW2', 'Homework 2 Description', 100, 1),
('Midterm', 'Midterm Exam Description', 100, 2),
('Final', 'Final Exam Description', 100, 2),
('HW1', 'Homework 1 Description', 100, 3),
('HW2', 'Homework 2 Description', 100, 3),
('Midterm', 'Midterm Exam Description', 100, 4),
('Final', 'Final Exam Description', 100, 4),
('HW1', 'Homework 1 Description', 100, 5),
('HW2', 'Homework 2 Description', 100, 5),
('Midterm', 'Midterm Exam Description', 100, 6),
('Final', 'Final Exam Description', 100, 6),
('HW1', 'Homework 1 Description', 100, 7),
('HW2', 'Homework 2 Description', 100, 7),
('Midterm', 'Midterm Exam Description', 100, 8),
('Final', 'Final Exam Description', 100, 8),
('HW1', 'Homework 1 Description', 100, 9),
('HW2', 'Homework 2 Description', 100, 9),
('Midterm', 'Midterm Exam Description', 100,10),
('Final', 'Final Exam Description', 100,10),
('HW1', 'Homework 1 Description', 100,11),
('HW2', 'Homework 2 Description', 100,11),
('Midterm', 'Midterm Exam Description', 100,12),
('Final', 'Final Exam Description', 100,12),
('HW1', 'Homework 1 Description', 100,13),
('HW2', 'Homework 2 Description', 100,13),
('Midterm', 'Midterm Exam Description', 100,14),
('Final', 'Final Exam Description', 100,14),
('HW1', 'Homework 1 Description', 100,15),
('HW2', 'Homework 2 Description', 100,15),
('Midterm', 'Midterm Exam Description', 100,16),
('Final', 'Final Exam Description', 100,16),
('HW1', 'Homework 1 Description', 100,17),
('HW2', 'Homework 2 Description', 100,17),
('Midterm', 'Midterm Exam Description', 100,18),
('Final', 'Final Exam Description', 100,18),
('HW1', 'Homework 1 Description', 100,19),
('HW2', 'Homework 2 Description', 100,19),
('Midterm', 'Midterm Exam Description', 100,20),
('Final', 'Final Exam Description', 100,20);

-- 30 student created.
INSERT INTO Student (StudentID, Username, LastName, FirstName) VALUES
(1001, 'jdoe', 'Doe', 'John'),
(1002, 'asmith', 'Smith', 'Alice'),
(1003, 'bjones', 'Jones', 'Bob'),
(1004, 'cmiller', 'Miller', 'Charlie'),
(1005, 'dlee', 'Lee', 'David'),
(1006, 'ewilson', 'Wilson', 'Emily'),
(1007, 'fgarcia', 'Garcia', 'Frank'),
(1008, 'hrodriguez', 'Rodriguez', 'Hannah'),
(1009, 'jmartinez', 'Martinez', 'Jack'),
(1010, 'kmartin', 'Martin', 'Karen'),
(1011, 'lthompson', 'Thompson', 'Laura'),
(1012, 'mwhite', 'White', 'Michael'),
(1013, 'nlopez', 'Lopez', 'Nancy'),
(1014, 'operez', 'Perez', 'Oscar'),
(1015, 'qwilson', 'Wilson', 'Quinn'),
(1016, 'rgarcia', 'Garcia', 'Rachel'),
(1017, 'srodriguez', 'Rodriguez', 'Sam'),
(1018, 'tmartinez', 'Martinez', 'Tina'),
(1019, 'umartin', 'Martin', 'Uma'),
(1020, 'vthompson', 'Thompson', 'Victor'),
(1021, 'wwhite', 'White', 'Wendy'),
(1022, 'xlopez', 'Lopez', 'Xavier'),
(1023, 'yperez', 'Perez', 'Yvonne'),
(1024, 'zwilson', 'Wilson', 'Zach'),
(1025, 'aanderson', 'Anderson', 'Aaron'),
(1026, 'bthomas', 'Thomas', 'Betty'),
(1027, 'cjackson', 'Jackson', 'Charlie'),
(1028, 'dmoore', 'Moore', 'Diana'),
(1029, 'erobinson', 'Robinson', 'Ethan'),
(1030, 'flee', 'Lee', 'Fiona');

-- Each class has 10 students enrolled, all students enrolled in 3-4 classes each.
INSERT INTO Enrolled (StudentID, ClassID) VALUES
(1001, 1),
(1002, 1),
(1003, 1),
(1004, 1),
(1005, 1),
(1006, 1),
(1007, 1),
(1008, 1),
(1009, 1),
(1010, 1),
(1011, 2),
(1012, 2),
(1013, 2),
(1014, 2),
(1015, 2),
(1016, 2),
(1017, 2),
(1018, 2),
(1019, 2),
(1020, 2),
(1021, 3),
(1022, 3),
(1023, 3),
(1024, 3),
(1025, 3),
(1026, 3),
(1027, 3),
(1028, 3),
(1029, 3),
(1030, 3),
(1001, 4),
(1002, 4),
(1003, 4),
(1004, 4),
(1005, 4),
(1006, 4),
(1007, 4),
(1008, 4),
(1009, 4),
(1010, 4),
(1011, 5),
(1012, 5),
(1013, 5),
(1014, 5),
(1015, 5),
(1016, 5),
(1017, 5),
(1018, 5),
(1019, 5),
(1020, 5),
(1021, 6),
(1022, 6),
(1023, 6),
(1024, 6),
(1025, 6),
(1026, 6),
(1027, 6),
(1028, 6),
(1029, 6),
(1030, 6),
(1001, 7),
(1002, 7),
(1003, 7),
(1004, 7),
(1005, 7),
(1006, 7),
(1007, 7),
(1008, 7),
(1009, 7),
(1010, 7),
(1011, 8),
(1012, 8),
(1013, 8),
(1014, 8),
(1015, 8),
(1016, 8),
(1017, 8),
(1018, 8),
(1019, 8),
(1020, 8),
(1021, 9),
(1022, 9),
(1023, 9),
(1024, 9),
(1025, 9),
(1026, 9),
(1027, 9),
(1028, 9),
(1029, 9),
(1030, 9),
(1001,10),
(1002,10),
(1003,10),
(1004,10),
(1005,10),
(1006,10),
(1007,10),
(1008,10),
(1009,10),
(1010,10);

-- All assignments (ids 1-4) from all categories (ids 1-2) graded for all students in class with id 1.
INSERT INTO Graded (StudentID, AssignmentID, Score) VALUES
(1001, 1, 85),
(1001, 2, 90),
(1001, 3, 78),
(1001, 4, 92),
(1002, 1, 88),
(1002, 2, 92),
(1002, 3, 80),
(1002, 4, 95),
(1003, 1, 82),
(1003, 2, 87),
(1003, 3, 75),
(1003, 4, 89),
(1004, 1, 90),
(1004, 2, 94),
(1004, 3, 82),
(1004, 4, 96),
(1005, 1, 78),
(1005, 2, 85),
(1005, 3, 70),
(1005, 4, 88),
(1006, 1, 92),
(1006, 2, 96),
(1006, 3, 85),
(1006, 4, 98),
(1007, 1, 80),
(1007, 2, 88),
(1007, 3, 72),
(1007, 4, 90),
(1008, 1, 87),
(1008, 2, 91),
(1008, 3, 78),
(1008, 4, 94),
(1009, 1, 84),
(1009, 2, 89),
(1009, 3, 76),
(1009, 4, 91),
(1010,1 ,83),
(1010,2 ,88),
(1010,3 ,74),
(1010,4 ,90);